--관리지점정보 Insert
INSERT INTO BRANCH (BR_CODE, BR_NAME) VALUES
('A',	'판교점'),
('B',	'분당점'),
('C',	'강남점'),
('D',	'잠실점');


--고객정보 Insert
INSERT INTO Client (acct_no, name, br_code) VALUES
  ('11111111',	'제이',	'A'),
  ('11111112',	'에이스',	'A'),
  ('11111113',	'리노',	'A'),
  ('11111114',	'테드',	'B'),
  ('11111115',	'사라',	'B'),
  ('11111116',	'린',	'B'),
  ('11111117',	'케빈',	'C'),
  ('11111118',	'제임스',	'D'),
  ('11111119',	'주디',	'D'),
  ('11111120',	'로이',	'C');

  
--거래정보 Insert
INSERT INTO TRANSACTION (SEQ, DATE, ACCT_NO, IDX, AMT, FEE, CANCEL_STATUS ) VALUES
(1   ,	'20180102',	'11111111',	1,	1000000,	0,		'N'),
(2   ,	'20180203',	'11111111',	1,	500000,		1000,	'Y'),
(3   ,	'20180203',	'11111111',	2,	500000,		1000,	'N'),
(4   ,	'20180305',	'11111111',	1,	2000000,	0,		'N'),
(5   ,	'20180305',	'11111111',	2,	3000000,	2000,	'N'),
(6   ,	'20180401',	'11111113',	1,	2000000,	0,		'N'),
(7   ,	'20180401',	'11111113',	2,	3000000,	1000,	'N'),
(8   ,	'20180401',	'11111113',	3,	10000000,	3000,	'Y'),
(9   ,	'20180402',	'11111113',	1,	20000000,	2000,	'Y'),
(10  ,	'20180403',	'11111113',	1,	5000000,	0,		'N'),
(11  ,	'20180601',	'11111112',	1,	1000000,	100,	'N'),
(12  ,	'20180601',	'11111112',	2,	1000000,	100,	'N'),
(13  ,	'20180601',	'11111112',	3,	3000000,	100,	'Y'),
(14  ,	'20180601',	'11111112',	4,	2000000,	100,	'N'),
(15  ,	'20180601',	'11111112',	5,	10000,		0,		'N'),
(16  ,	'20180701',	'11111114',	1,	5000000,	0,		'N'),
(17  ,	'20180702',	'11111114',	1,	100000,		0,		'N'),
(18  ,	'20180703',	'11111114',	1,	30000000,	0,		'Y'),
(19  ,	'20180704',	'11111114',	1,	8000000,	8000,	'N'),
(20  ,	'20180705',	'11111114',	1,	50000000,	5000,	'Y'),
(21  ,	'20180706',	'11111114',	1,	9000000,	0,		'N'),
(22  ,	'20180707',	'11111114',	1,	8000000,	0,		'Y'),
(23  ,	'20180708',	'11111114',	1,	6000000,	0,		'N'),
(24  ,	'20180709',	'11111114',	1,	500000,		0,		'N'),
(25  ,	'20180710',	'11111114',	1,	400000,		0,		'N'),
(26  ,	'20180801',	'11111116',	1,	90000000,	9000,	'Y'),
(27  ,	'20180801',	'11111116',	2,	8000000,	8000,	'N'),
(28  ,	'20180802',	'11111116',	1,	400000,		0,		'N'),
(29  ,	'20180803',	'11111116',	1,	500000,		0,		'N'),
(30  ,	'20180804',	'11111116',	1,	600000,		0,		'N'),
(31  ,	'20180920',	'11111117',	1,	200000,		0,		'N'),
(32  ,	'20180921',	'11111117',	1,	300000,		1000,	'N'),
(33  ,	'20180922',	'11111117',	1,	400000,		0,		'N'),
(34  ,	'20180923',	'11111117',	1,	500000,		0,		'N'),
(35  ,	'20180924',	'11111117',	1,	600000,		0,		'N'),
(36  ,	'20181010',	'11111118',	1,	1000000,	100,	'Y'),
(37  ,	'20181011',	'11111118',	1,	1000000,	100,	'Y'),
(38  ,	'20181012',	'11111118',	1,	1000000,	100,	'Y'),
(39  ,	'20181013',	'11111118',	1,	1000000,	100,	'Y'),
(40  ,	'20181014',	'11111118',	1,	1000000,	100,	'Y'),
(41  ,	'20181101',	'11111119',	1,	2000000,	0,		'N'),
(42  ,	'20181101',	'11111119',	2,	2000000,	0,		'N'),
(43  ,	'20181101',	'11111119',	3,	2000000,	0,		'N'),
(44  ,	'20181101',	'11111119',	4,	2000000,	0,		'N'),
(45  ,	'20181101',	'11111119',	5,	2000000,	0,		'N'),
(46  ,	'20181101',	'11111119',	6,	2000000,	0,		'N'),
(47  ,	'20181101',	'11111119',	7,	2000000,	0,		'N'),
(48  ,	'20181225',	'11111120',	1,	30000000,	3000,	'Y'),
(49  ,	'20181225',	'11111120',	2,	20000000,	2000,	'Y'),
(50  ,	'20181225',	'11111120',	3,	9000000,	300,	'N'),
(51  ,	'20181231',	'11111120',	1,	8000000,	400,	'N'),
(52  ,	'20181231',	'11111120',	2,	1234567,	0,		'N'),
(53  ,	'20190405',	'11111112',	1,	20000000,	0,		'N'),
(54  ,	'20190406',	'11111112',	1,	10000000,	1000,	'N'),
(55  ,	'20190407',	'11111112',	1,	300000,		100,	'Y'),
(56  ,	'20190408',	'11111112',	1,	5000000,	300,	'N'),
(57  ,	'20190409',	'11111112',	1,	6000000,	300,	'N'),
(58  ,	'20190501',	'11111111',	1,	100000,		500,	'N'),
(59  ,	'20190502',	'11111111',	1,	10000000,	1800,	'N'),
(60  ,	'20190503',	'11111111',	1,	10000000,	0,		'Y'),
(61  ,	'20190503',	'11111111',	2,	20000000,	0,		'Y'),
(62  ,	'20190503',	'11111111',	3,	1000000,	0,		'N'),
(63  ,	'20190601',	'11111113',	1,	1000000,	0,		'N'),
(64  ,	'20190602',	'11111113',	1,	700000,		0,		'N'),
(65  ,	'20190602',	'11111113',	2,	70000000,	7000,	'Y'),
(66  ,	'20190603',	'11111113',	1,	9000000,	0,		'N'),
(67  ,	'20190604',	'11111113',	1,	4000000,	1000,	'N'),
(68  ,	'20190701',	'11111115',	1,	3000000,	300,	'N'),
(69  ,	'20190701',	'11111115',	2,	3000000,	300,	'N'),
(70  ,	'20190701',	'11111115',	3,	3000000,	300,	'N'),
(71  ,	'20190701',	'11111115',	4,	3000000,	300,	'N'),
(72  ,	'20190701',	'11111115',	5,	3000000,	300,	'N'),
(73  ,	'20190701',	'11111115',	6,	3000000,	300,	'N'),
(74  ,	'20190701',	'11111115',	7,	3000000,	300,	'N'),
(75  ,	'20190701',	'11111115',	8,	3000000,	300,	'N'),
(76  ,	'20190701',	'11111115',	9,	3000000,	300,	'N'),
(77  ,	'20190701',	'11111115',	10,	3000000,	300,	'N'),
(78  ,	'20190805',	'11111116',	1,	700000,		0,		'N'),
(79  ,	'20190806',	'11111116',	1,	800000,		0,		'N'),
(80  ,	'20190807',	'11111116',	1,	900000,		0,		'N'),
(81  ,	'20190808',	'11111116',	1,	10000000,	0,		'N'),
(82  ,	'20190809',	'11111116',	1,	3000000,	300,	'N'),
(83  ,	'20190924',	'11111117',	1,	700000,		0,		'N'),
(84  ,	'20190924',	'11111117',	2,	800000,		0,		'N'),
(85  ,	'20190924',	'11111117',	3,	900000,		0,		'N'),
(86  ,	'20190924',	'11111117',	4,	1000000,	0,		'N'),
(87  ,	'20190924',	'11111117',	5,	1100000,	0,		'N'),
(88  ,	'20191015',	'11111118',	1,	1000000,	100,	'Y'),
(89  ,	'20191016',	'11111118',	1,	1000000,	100,	'Y'),
(90  ,	'20191017',	'11111118',	1,	1000000,	100,	'Y'),
(91  ,	'20191018',	'11111118',	1,	1000000,	100,	'Y'),
(92  ,	'20191019',	'11111118',	1,	1000000,	100,	'Y'),
(93  ,	'20191101',	'11111119',	1,	2000000,	0,		'N'),
(94  ,	'20191101',	'11111119',	2,	2000000,	0,		'N'),
(95  ,	'20191101',	'11111119',	3,	2000000,	0,		'N'),
(96  ,	'20191224',	'11111120',	1,	3000000,	0,		'N'),
(97  ,	'20191224',	'11111120',	2,	3000000,	0,		'N'),
(98  ,	'20191224',	'11111120',	3,	3000000,	0,		'N'),
(99  ,	'20191224',	'11111120',	4,	3000000,	0,		'N'),
(100 ,	'20191224',	'11111120',	5,	3000000,	0,		'N');


